"0",""
"0","V0.columns <- c(""d1.0v"", ""d2.0v"",""d3.0v"")"
"0","V2.columns <- c(""d1.2v"",""d2.2v"",""d3.2v"")"
"0","days <- c(""Day1"",""Day2"",""Day3"")"
"0",""
"0","split(f5.rma.data$fmov1[,V2.columns] - f5.rma.data$fmov1[,V0.columns], f5.rma.data$fmov1$Group) -> f5.rma.fmov1.diffs"
"0",""
"0","names(f5.rma.fmov1.diffs$One) <- days"
"0","names(f5.rma.fmov1.diffs$Two) <- days"
"0",""
"0","sapply(f5.rma.fmov1.diffs, FUN = function(x) apply(x, MARGIN = 2, FUN = function(y) t.test(y)$p.value))"
"1","    "
"1","       One"
"1","        Two"
"1","
Day1"
"1"," 0.1164548"
"1"," 0.71741232"
"1","
Day2"
"1"," 0.5618436"
"1"," 0.18054932"
"1","
Day3"
"1"," 0.2433121"
"1"," 0.00022962"
"1","
"
