{"chunk_definitions":[{"row":10,"row_count":1,"visible":true,"expansion_state":0,"options":{"engine":"r","label":"setup","include":false},"document_id":"3FEA2866","chunk_id":"csetup_chunk","chunk_label":"setup"},{"row":25,"row_count":1,"visible":true,"expansion_state":0,"options":{"engine":"r","label":"read.baseline.data"},"document_id":"3FEA2866","chunk_id":"cwdmiikgl27xm","chunk_label":"read.baseline.data"},{"row":41,"row_count":1,"visible":true,"expansion_state":0,"options":{"engine":"r","label":"cathode1.by.voltage"},"document_id":"3FEA2866","chunk_id":"cxl8ijkyi3x1t","chunk_label":"cathode1.by.voltage"},{"row":55,"row_count":1,"visible":true,"expansion_state":0,"options":{"engine":"r","label":"cathode1.dunnett"},"document_id":"3FEA2866","chunk_id":"ciu5rcde4pm90","chunk_label":"cathode1.dunnett"},{"row":71,"row_count":1,"visible":true,"expansion_state":0,"options":{"engine":"r","label":"cathode2.by.voltage"},"document_id":"3FEA2866","chunk_id":"cxk9qqf81g5tq","chunk_label":"cathode2.by.voltage"},{"row":79,"row_count":1,"visible":true,"expansion_state":0,"options":{"engine":"r","label":"zone4.dunnett"},"document_id":"3FEA2866","chunk_id":"chkq3iyc9xovd","chunk_label":"zone4.dunnett"},{"row":96,"row_count":1,"visible":true,"expansion_state":0,"options":{"engine":"r","label":"fmov1.table1"},"document_id":"3FEA2866","chunk_id":"c9jnti1xlgv9e","chunk_label":"fmov1.table1"},{"row":104,"row_count":1,"visible":true,"expansion_state":0,"options":{"engine":"r","label":"fm1.dunnett"},"document_id":"3FEA2866","chunk_id":"c5lvp6aprh4yp","chunk_label":"fm1.dunnett"},{"row":121,"row_count":1,"visible":true,"expansion_state":0,"options":{"engine":"r","label":"fmov2.table1"},"document_id":"3FEA2866","chunk_id":"c7mpa7u47mwac","chunk_label":"fmov2.table1"},{"row":129,"row_count":1,"visible":true,"expansion_state":0,"options":{"engine":"r","label":"fm2.dunnett"},"document_id":"3FEA2866","chunk_id":"ca7vex7y8114q","chunk_label":"fm2.dunnett"},{"row":145,"row_count":1,"visible":true,"expansion_state":0,"options":{"engine":"r","label":"Fig2.sizes.data"},"document_id":"3FEA2866","chunk_id":"c779rg7ybwzwm","chunk_label":"Fig2.sizes.data"},{"row":161,"row_count":1,"visible":true,"expansion_state":0,"options":{"engine":"r","label":"cathode1.interaction.plot"},"document_id":"3FEA2866","chunk_id":"cvhbdunrk51g9","chunk_label":"cathode1.interaction.plot"},{"row":175,"row_count":1,"visible":true,"expansion_state":0,"options":{"engine":"r","label":"cathode1.anova"},"document_id":"3FEA2866","chunk_id":"c6w2ihv21lw5y","chunk_label":"cathode1.anova"},{"row":187,"row_count":1,"visible":true,"expansion_state":0,"options":{"engine":"r","label":"fmov1.interaction.plot"},"document_id":"3FEA2866","chunk_id":"czj3qbpxmb7zl","chunk_label":"fmov1.interaction.plot"},{"row":201,"row_count":1,"visible":true,"expansion_state":0,"options":{"engine":"r","label":"fmov1.anova"},"document_id":"3FEA2866","chunk_id":"c2ufyff0wj40q","chunk_label":"fmov1.anova"},{"row":215,"row_count":1,"visible":true,"expansion_state":0,"options":{"engine":"r","label":"cat2.interaction.plot"},"document_id":"3FEA2866","chunk_id":"c7ysxn1vmrrvo","chunk_label":"cat2.interaction.plot"},{"row":230,"row_count":1,"visible":true,"expansion_state":0,"options":{"engine":"r","label":"cathode2.anova"},"document_id":"3FEA2866","chunk_id":"cq6upnr6h9nlj","chunk_label":"cathode2.anova"},{"row":238,"row_count":1,"visible":true,"expansion_state":0,"options":{"engine":"r","label":"cathode2.voltages.posthoc"},"document_id":"3FEA2866","chunk_id":"cp4ydwhfogoqa","chunk_label":"cathode2.voltages.posthoc"},{"row":250,"row_count":1,"visible":true,"expansion_state":0,"options":{"engine":"r","label":"fmov2.interaction.plot"},"document_id":"3FEA2866","chunk_id":"c1rmpz55bvdnw","chunk_label":"fmov2.interaction.plot"},{"row":266,"row_count":1,"visible":true,"expansion_state":0,"options":{"engine":"r","label":"fmov2.anova"},"document_id":"3FEA2866","chunk_id":"c3bmduhg4c5p4","chunk_label":"fmov2.anova"},{"row":276,"row_count":1,"visible":true,"expansion_state":0,"options":{"engine":"r","label":"fmov2.tukey"},"document_id":"3FEA2866","chunk_id":"c2dfruhbg2xez","chunk_label":"fmov2.tukey"},{"row":290,"row_count":1,"visible":true,"expansion_state":0,"options":{"engine":"r","label":"Fig3.pre.postpharyngeal.data"},"document_id":"3FEA2866","chunk_id":"c55izfu4x2rx4","chunk_label":"Fig3.pre.postpharyngeal.data"},{"row":302,"row_count":1,"visible":true,"expansion_state":0,"options":{"engine":"r","label":"fig3.fmov1.threeway.interaction.plot"},"document_id":"3FEA2866","chunk_id":"cutuv5c0jrwu7","chunk_label":"fig3.fmov1.threeway.interaction.plot"},{"row":319,"row_count":1,"visible":true,"expansion_state":0,"options":{"engine":"r","label":"fig3.fmov1.lm"},"document_id":"3FEA2866","chunk_id":"chwx04hly34s5","chunk_label":"fig3.fmov1.lm"},{"row":328,"row_count":1,"visible":true,"expansion_state":0,"options":{"engine":"r","label":"fig3.fmov1.posthocs"},"document_id":"3FEA2866","chunk_id":"crqh7xjz36c9r","chunk_label":"fig3.fmov1.posthocs"},{"row":340,"row_count":1,"visible":true,"expansion_state":0,"options":{"engine":"r","label":"fig3.fmov2.threeway.interaction.plot"},"document_id":"3FEA2866","chunk_id":"cfxegw23cfqc3","chunk_label":"fig3.fmov2.threeway.interaction.plot"},{"row":357,"row_count":1,"visible":true,"expansion_state":0,"options":{"engine":"r","label":"fig3.fmov2.posthocs"},"document_id":"3FEA2866","chunk_id":"cnsm47pkaxtwl","chunk_label":"fig3.fmov2.lm"},{"row":366,"row_count":1,"visible":true,"expansion_state":0,"options":{"engine":"r","label":"fig3.fmov2.posthocs"},"document_id":"3FEA2866","chunk_id":"cu6m772dx6f6o","chunk_label":"fig3.fmov2.posthocs"},{"row":380,"row_count":1,"visible":true,"expansion_state":0,"options":{"engine":"r","label":"fig3.head.prop.fmov1"},"document_id":"3FEA2866","chunk_id":"cfxfwnjbw4pzy","chunk_label":"fig3.head.prop.fmov1"},{"row":388,"row_count":1,"visible":true,"expansion_state":0,"options":{"engine":"r","label":"fig3.head.prop.fmov1.graph"},"document_id":"3FEA2866","chunk_id":"cv6honkbsmmz1","chunk_label":"fig3.head.prop.fmov1.graph"},{"row":400,"row_count":1,"visible":true,"expansion_state":0,"options":{"engine":"r","label":"fig3.head.prop.fmov2"},"document_id":"3FEA2866","chunk_id":"cpaodn6iyw3mq","chunk_label":"fig3.head.prop.fmov2"},{"row":408,"row_count":1,"visible":true,"expansion_state":0,"options":{"engine":"r","label":"fig3.head.prop.fmov2.graph"},"document_id":"3FEA2866","chunk_id":"cixd7jdivsxt8","chunk_label":"fig3.head.prop.fmov2.graph"},{"row":442,"row_count":1,"visible":true,"expansion_state":0,"options":{"engine":"r","label":"import.f5.data"},"document_id":"3FEA2866","chunk_id":"ck5tmv6qrqwiv","chunk_label":"import.f5.data"},{"row":453,"row_count":1,"visible":true,"expansion_state":0,"options":{"engine":"r","label":"read.sc.rma.data"},"document_id":"3FEA2866","chunk_id":"cj2xz73vifi70","chunk_label":"read.sc.rma.data"},{"row":482,"row_count":1,"visible":true,"expansion_state":0,"options":{"engine":"r","label":"sc.fmov1.int.plot"},"document_id":"3FEA2866","chunk_id":"cb68387c3yxmk","chunk_label":"sc.fmov1.int.plot"},{"row":496,"row_count":1,"visible":true,"expansion_state":0,"options":{"engine":"r","label":"fmov1.rma"},"document_id":"3FEA2866","chunk_id":"cx1ri26jynm1i","chunk_label":"fmov1.rma"},{"row":514,"row_count":1,"visible":true,"expansion_state":0,"options":{"engine":"r","label":"f5.fmov1.diffs.between.voltages"},"document_id":"3FEA2866","chunk_id":"coyp8cy61gfme","chunk_label":"f5.fmov1.diffs.between.voltages"},{"row":528,"row_count":1,"visible":true,"expansion_state":0,"options":{"engine":"r","label":"f5.fmov2.int.plot"},"document_id":"3FEA2866","chunk_id":"c2qtj8quugx6b","chunk_label":"f5.fmov2.int.plot"},{"row":540,"row_count":1,"visible":true,"expansion_state":0,"options":{"engine":"r","label":"fmov2.rma"},"document_id":"3FEA2866","chunk_id":"czg0vxczjlbus","chunk_label":"fmov2.rma"},{"row":553,"row_count":1,"visible":true,"expansion_state":0,"options":{"engine":"r","label":"sc.fmov2.diffs.between.voltages"},"document_id":"3FEA2866","chunk_id":"cw0gwak2wc560","chunk_label":"sc.fmov2.diffs.between.voltages"},{"row":567,"row_count":1,"visible":true,"expansion_state":0,"options":{"engine":"r","label":"import.si.f1"},"document_id":"3FEA2866","chunk_id":"cpxt433coycfp","chunk_label":"import.si.f1"},{"row":584,"row_count":1,"visible":true,"expansion_state":0,"options":{"engine":"r","label":"water.cathode1"},"document_id":"3FEA2866","chunk_id":"c2pkxt8mg9cmf","chunk_label":"water.cathode1"},{"row":598,"row_count":1,"visible":true,"expansion_state":0,"options":{"engine":"r","label":"tail.wi.wout.pharynx.fmov1"},"document_id":"3FEA2866","chunk_id":"cw422t2jies81","chunk_label":"tail.wi.wout.pharynx.fmov1"},{"row":610,"row_count":1,"visible":true,"expansion_state":0,"options":{"engine":"r","label":"import.si.f3"},"document_id":"3FEA2866","chunk_id":"csga4nbqq8ivu","chunk_label":"import.si.f3"},{"row":641,"row_count":1,"visible":true,"expansion_state":0,"options":{"engine":"r","label":"tail.wi.wout.pharynx.cathode1"},"document_id":"3FEA2866","chunk_id":"chesmuml8b68l","chunk_label":"tail.wi.wout.pharynx.cathode1"},{"row":655,"row_count":1,"visible":true,"expansion_state":0,"options":{"engine":"r","label":"Fig5.trunks.data"},"document_id":"3FEA2866","chunk_id":"cf5rj22z8cazj","chunk_label":"Fig5.trunks.data"},{"row":665,"row_count":1,"visible":true,"expansion_state":0,"options":{"engine":"r","label":"fig5.cat1.interaction.plot"},"document_id":"3FEA2866","chunk_id":"cddjou1c01tbi","chunk_label":"fig5.cat1.interaction.plot"},{"row":682,"row_count":1,"visible":true,"expansion_state":0,"options":{"engine":"r","label":"fig5.cat1.lm"},"document_id":"3FEA2866","chunk_id":"civ2q44h4huti","chunk_label":"fig5.cat1.lm"},{"row":692,"row_count":1,"visible":true,"expansion_state":0,"options":{"engine":"r","label":"fig5.cat1.posthocs"},"document_id":"3FEA2866","chunk_id":"c49quqh2dec5y","chunk_label":"fig5.cat1.posthocs"},{"row":704,"row_count":1,"visible":true,"expansion_state":0,"options":{"engine":"r","label":"fig5.cat2.interaction.plot"},"document_id":"3FEA2866","chunk_id":"csx4cx9k38qe1","chunk_label":"fig5.cat2.interaction.plot"},{"row":721,"row_count":1,"visible":true,"expansion_state":0,"options":{"engine":"r","label":"fig5.cat2.lm"},"document_id":"3FEA2866","chunk_id":"cp6hyjt66bq90","chunk_label":"fig5.cat2.lm"},{"row":733,"row_count":1,"visible":true,"expansion_state":0,"options":{"engine":"r","label":"fig5.fmov1.interaction.plot"},"document_id":"3FEA2866","chunk_id":"cplypremblsb8","chunk_label":"fig5.fmov1.interaction.plot"},{"row":750,"row_count":1,"visible":true,"expansion_state":0,"options":{"engine":"r","label":"fig5.fmov1.lm"},"document_id":"3FEA2866","chunk_id":"cdx4w9xy2k9hm","chunk_label":"fig5.fmov1.lm"},{"row":760,"row_count":1,"visible":true,"expansion_state":0,"options":{"engine":"r","label":"fig5.fmov1.posthocs"},"document_id":"3FEA2866","chunk_id":"cnktztnec0e39","chunk_label":"fig5.fmov1.posthocs"},{"row":775,"row_count":1,"visible":true,"expansion_state":0,"options":{"engine":"r","label":"fig5.fmov2.interaction.plot"},"document_id":"3FEA2866","chunk_id":"cp70dhe6wxqr8","chunk_label":"fig5.fmov2.interaction.plot"},{"row":793,"row_count":1,"visible":true,"expansion_state":0,"options":{"engine":"r","label":"fig5.fmov2.lm"},"document_id":"3FEA2866","chunk_id":"cwsfostyqspnt","chunk_label":"fig5.fmov2.lm"},{"row":803,"row_count":1,"visible":true,"expansion_state":0,"options":{"engine":"r","label":"fig5.fmov2.posthoc"},"document_id":"3FEA2866","chunk_id":"c4cmtr3nr3ixw","chunk_label":"fig5.fmov2.posthoc"}],"doc_write_time":1637614426,"working_dir":null,"default_chunk_options":{"echo":true},"chunk_rendered_width":700}