"0",""
"0","split(f5.rma.data$fmov2[,V2.columns] - f5.rma.data$fmov2[,V0.columns], f5.rma.data$fmov2$Group) -> f5.rma.fmov2.diffs"
"0",""
"0","names(f5.rma.fmov2.diffs$One) <- days"
"0","names(f5.rma.fmov2.diffs$Two) <- days"
"0",""
"0","sapply(f5.rma.fmov2.diffs, FUN = function(x) apply(x, MARGIN = 2, FUN = function(y) t.test(y)$p.value))"
"1","    "
"1","        One"
"1","          Two"
"1","
Day1"
"1"," 0.47089457"
"1"," 7.815966e-01"
"1","
Day2"
"1"," 0.03989383"
"1"," 1.773623e-01"
"1","
Day3"
"1"," 0.63028840"
"1"," 4.011367e-05"
"1","
"
